{
  "sequence": [
    {
      "entropy": 0.1,
      "motif": "A"
    },
    {
      "entropy": 0.4,
      "motif": "B"
    },
    {
      "entropy": 0.85,
      "motif": "C"
    },
    {
      "entropy": 1.3,
      "motif": "D"
    },
    {
      "entropy": 1.7,
      "motif": "B"
    },
    {
      "entropy": 1.2,
      "motif": "A"
    },
    {
      "entropy": 0.9,
      "motif": "C"
    },
    {
      "entropy": 0.5,
      "motif": "A"
    },
    {
      "entropy": 0.3,
      "motif": "D"
    },
    {
      "entropy": 0.1,
      "motif": "B"
    }
  ]
}